feature_name,feature_importance
tGravityAcc-min()-X,0.03142780848840238
tGravityAcc-energy()-X,0.029141311551221877
tGravityAcc-mean()-Y,0.02779441083339622
tGravityAcc-max()-X,0.027099041542026945
"angle(Y,gravityMean)",0.02607037044954523
tGravityAcc-min()-Y,0.025186015389342974
tGravityAcc-mean()-X,0.024088047063425225
tGravityAcc-max()-Y,0.02275896075726396
"angle(X,gravityMean)",0.022394979716094086
fBodyAccMag-std(),0.013098687072852127
tGravityAcc-energy()-Y,0.012710101914867664
tBodyAccJerk-iqr()-X,0.012281876643568435
tGravityAcc-energy()-Z,0.012110448553819724
tGravityAcc-min()-Z,0.011327115043776708
tBodyAcc-max()-X,0.011055213761969145
fBodyAcc-mad()-X,0.010890357110159612
fBodyAccJerk-mad()-Y,0.010560601746496647
fBodyAccJerk-max()-X,0.010285532356345575
tGravityAcc-mean()-Z,0.010271408592211212
"angle(Z,gravityMean)",0.010263746146858583
fBodyAccMag-energy(),0.009572692113610823
"tGravityAcc-arCoeff()-Z,3",0.008846437941254337
fBodyAccJerk-std()-X,0.00881018092688447
tBodyAccMag-std(),0.008680447541506646
"tGravityAcc-arCoeff()-Z,1",0.008669258227343683
tBodyAccJerk-mad()-X,0.008632697646930722
"tGravityAcc-arCoeff()-Y,1",0.008440603271502655
fBodyAcc-entropy()-X,0.008277373593699977
tGravityAccMag-mad(),0.007854089183150177
tBodyAccJerk-energy()-Y,0.007334478401911093
"tGravityAcc-arCoeff()-X,1",0.007316208677505343
"tGravityAcc-arCoeff()-Y,2",0.007272114594389311
fBodyGyro-maxInds-Z,0.007256287015263958
tBodyAcc-std()-X,0.007155829185055691
fBodyAccMag-mean(),0.00696755019567144
"fBodyAccJerk-bandsEnergy()-1,16",0.006729924197676738
"tGravityAcc-arCoeff()-Z,2",0.0066558879013603545
"fBodyAccJerk-bandsEnergy()-1,8",0.00633530161299354
tBodyGyroJerk-iqr()-Z,0.006282236151826996
tGravityAcc-entropy()-Y,0.006215583973321862
"tGravityAcc-arCoeff()-Y,3",0.0059417215088200075
"tGravityAcc-arCoeff()-X,2",0.005573927549857988
fBodyAccMag-mad(),0.005512369998593858
tGravityAcc-max()-Z,0.005415210236940464
tBodyAccMag-arCoeff()1,0.005301559702632544
"fBodyAccJerk-bandsEnergy()-1,24",0.005063089359212929
fBodyAcc-sma(),0.00494832962761734
fBodyAcc-max()-X,0.004939823145332438
tBodyAccJerk-std()-X,0.004623120668798894
"tGravityAcc-arCoeff()-X,3",0.004614647108521873
"fBodyAccJerk-bandsEnergy()-9,16",0.004604908903270839
fBodyAccJerk-sma(),0.004533769149787653
"fBodyAcc-bandsEnergy()-1,24",0.004439191464017915
tGravityAccMag-std(),0.0044230249507535326
tBodyAccJerk-mad()-Y,0.0044072761793300655
tBodyAccJerk-sma(),0.004395807947575
tGravityAccMag-max(),0.004377257504378099
fBodyAccJerk-mad()-X,0.004373839894062897
fBodyAccJerk-mean()-Y,0.004373462333594419
fBodyAccJerk-energy()-Y,0.00433703766730377
tBodyAccJerkMag-sma(),0.004326600349210726
tBodyAccJerkMag-iqr(),0.004322765805113119
"tGravityAcc-arCoeff()-Y,4",0.004254882505447526
tBodyGyroJerkMag-sma(),0.004225850577834478
tBodyAccJerk-entropy()-Y,0.004200725264566737
fBodyAccJerk-max()-Y,0.004181900824445236
tBodyAccJerkMag-entropy(),0.0041686691151156694
tBodyGyroJerk-iqr()-X,0.004156481092416722
fBodyAccJerk-entropy()-X,0.004115019463540374
fBodyGyro-sma(),0.0040894783826953465
"tBodyAcc-correlation()-X,Y",0.004076640310042505
fBodyAcc-std()-X,0.0040447347632755724
fBodyAcc-mean()-X,0.004004018113724597
tBodyAccMag-max(),0.003974776782354085
tGravityAccMag-arCoeff()1,0.0038388917399245675
tBodyAccMag-mad(),0.003741035821389204
"tGravityAcc-arCoeff()-X,4",0.00368839492747498
"fBodyAcc-bandsEnergy()-1,16",0.0036500241308097814
"tGravityAcc-arCoeff()-Z,4",0.0035707249389495595
fBodyAccMag-sma(),0.003529885426919062
fBodyAcc-meanFreq()-Z,0.0034575154906661583
fBodyGyro-mad()-X,0.00345088960344897
"fBodyGyro-bandsEnergy()-1,24",0.0033230391800534776
fBodyGyro-maxInds-X,0.0032947815291242423
tBodyAcc-mad()-X,0.0032547385829828517
tBodyGyro-max()-X,0.0031146609736925294
fBodyAccJerk-maxInds-Z,0.0030960605989582947
"tGravityAcc-correlation()-X,Y",0.003091113537815125
tBodyGyro-mad()-Y,0.003085133868723625
tBodyAccJerk-max()-X,0.003071629772523631
tGravityAcc-sma(),0.003004186568218891
tBodyAccJerk-energy()-X,0.00295535496872633
tBodyGyro-min()-X,0.0029183295740485725
fBodyAccJerk-std()-Y,0.002898957464699874
"fBodyAcc-bandsEnergy()-1,8",0.0028784773050725605
tBodyAccJerk-entropy()-X,0.0028769380716762373
"tBodyAcc-correlation()-Y,Z",0.002868015031841289
fBodyAcc-energy()-X,0.002756348350899308
"tGravityAcc-correlation()-Y,Z",0.002703871017852938
tGravityAcc-std()-Y,0.0026732011450624686
"fBodyGyro-bandsEnergy()-1,8",0.0026637375457404574
fBodyGyro-mean()-Z,0.0026617845306916897
tGravityAccMag-arCoeff()2,0.0026508015185177465
fBodyAccJerk-energy()-X,0.0025953083618079375
tBodyAccJerkMag-mean(),0.0025907413018286295
tBodyGyroJerk-mad()-X,0.0025509675526848123
tBodyGyro-iqr()-Y,0.002508277917806971
fBodyAcc-skewness()-Y,0.0024606140498980174
fBodyGyro-mad()-Z,0.0024192245852431796
fBodyAccMag-max(),0.0024166923671577896
tBodyAccJerk-entropy()-Z,0.0024080239189352556
tBodyGyroJerk-mad()-Z,0.002395391693290793
tBodyGyro-std()-X,0.0023953629191040293
fBodyAccJerk-mean()-X,0.002362737682892307
tBodyAccJerk-iqr()-Z,0.0023447417030300448
tGravityAcc-entropy()-X,0.002329962395701264
"fBodyAccJerk-bandsEnergy()-1,16.2",0.002315302913043928
"fBodyGyro-bandsEnergy()-1,16",0.0022721099676448414
tBodyAccJerkMag-energy(),0.002270172248869247
"fBodyAccJerk-bandsEnergy()-25,48",0.0022663239487789393
fBodyAccJerk-entropy()-Y,0.002238056067688725
fBodyBodyAccJerkMag-entropy(),0.002224098723876893
tBodyGyro-iqr()-X,0.0020781349814103203
fBodyGyro-entropy()-X,0.0020189836225151564
tGravityAcc-std()-X,0.002013251744694875
tBodyAcc-energy()-X,0.001967175787975892
tBodyAccMag-energy(),0.00195903980936258
"tBodyAcc-correlation()-X,Z",0.0019274624869857287
fBodyGyro-meanFreq()-X,0.0019172868819570482
fBodyGyro-energy()-X,0.0019148597507099255
"fBodyGyro-bandsEnergy()-9,16",0.0018771958756313026
fBodyGyro-maxInds-Y,0.0018071490957633385
fBodyAccMag-entropy(),0.0017689002588615415
tBodyGyro-entropy()-X,0.001719570315466801
tBodyGyro-mad()-X,0.0017107048657976226
fBodyGyro-max()-X,0.0016275946226699375
fBodyAccJerk-maxInds-X,0.0015866862576748378
fBodyAccMag-meanFreq(),0.0015652286753561123
"tBodyGyro-correlation()-Y,Z",0.0015624064056384613
tGravityAcc-mad()-Y,0.0015259813160046747
tBodyAcc-iqr()-X,0.0015110447528211856
fBodyGyro-std()-X,0.0014764445532409792
"fBodyAcc-bandsEnergy()-1,8.1",0.0014007091816845682
tGravityAccMag-energy(),0.001374607290657932
fBodyGyro-mean()-X,0.0013571785725434355
tGravityAcc-iqr()-Y,0.001350371107063066
tBodyGyro-iqr()-Z,0.001332888797099317
fBodyBodyAccJerkMag-std(),0.0012975279642024418
fBodyAccMag-iqr(),0.001239505519945513
tGravityAcc-iqr()-X,0.0012342271407549768
"tBodyGyro-arCoeff()-X,1",0.001226345642764621
tBodyAcc-entropy()-X,0.0011229769689955625
fBodyBodyGyroMag-meanFreq(),0.0011178242505481793
fBodyGyro-max()-Z,0.00110167977945763
"tBodyAcc-arCoeff()-X,1",0.0010995580097897123
tBodyGyroJerk-energy()-X,0.0010711207971551679
"tBodyGyroJerk-arCoeff()-X,1",0.001069637167725763
"angle(tBodyGyroJerkMean,gravityMean)",0.0010216259607955995
fBodyBodyGyroJerkMag-max(),0.000979862173269336
fBodyGyro-kurtosis()-Z,0.0009650719664651415
tGravityAcc-mad()-X,0.0009649631569510309
fBodyAcc-kurtosis()-X,0.0009516501302328575
"fBodyGyro-bandsEnergy()-1,16.2",0.000942533566909212
"fBodyGyro-bandsEnergy()-1,8.1",0.0009373818121916121
tBodyGyro-energy()-X,0.0009362849356742479
tBodyGyro-energy()-Z,0.0009351279484504454
tBodyAccMag-sma(),0.0009189926717754119
"fBodyAccJerk-bandsEnergy()-17,24.2",0.0008994125679834961
tBodyAccJerk-std()-Z,0.0008851455455048513
fBodyGyro-kurtosis()-Y,0.0008834785736766299
fBodyAcc-meanFreq()-X,0.0008809827999539661
tBodyGyroJerk-min()-X,0.0008659786620358835
"fBodyAcc-bandsEnergy()-33,48",0.0008572270331077608
tBodyAccMag-iqr(),0.0008520785050413254
"fBodyAcc-bandsEnergy()-17,24.2",0.0008512193884446707
fBodyGyro-skewness()-Z,0.0008457183051910029
tBodyAccJerkMag-std(),0.0008357190906716757
fBodyAcc-kurtosis()-Y,0.0008212704562139788
fBodyBodyAccJerkMag-max(),0.000815567442144767
tBodyGyroJerk-std()-X,0.0008124416698671595
fBodyAcc-maxInds-X,0.0008059660906014679
"fBodyGyro-bandsEnergy()-17,32.2",0.0008023580080772887
tBodyAccMag-arCoeff()2,0.000790277980979628
"fBodyAccJerk-bandsEnergy()-17,32.2",0.0007785235619157444
fBodyBodyAccJerkMag-mad(),0.0007755789497106206
tGravityAccMag-entropy(),0.0007298798549943217
fBodyAcc-max()-Y,0.0007249216026365402
"fBodyAccJerk-bandsEnergy()-17,24.1",0.0007081188332786094
fBodyGyro-skewness()-X,0.0007016217231010984
"tBodyGyro-correlation()-X,Y",0.0006994055073198905
"tBodyAccJerk-correlation()-X,Y",0.0006993371582803111
"tBodyAccJerk-correlation()-X,Z",0.0006978474023102087
tBodyAcc-iqr()-Y,0.000687311540577929
"fBodyAcc-bandsEnergy()-1,8.2",0.0006817336927169891
"tBodyGyro-arCoeff()-Y,1",0.0006791269957280641
tGravityAcc-mad()-Z,0.0006781471892303575
"fBodyAcc-bandsEnergy()-9,16",0.0006741103728885692
"tBodyGyro-correlation()-X,Z",0.0006725939456583255
tBodyGyroJerk-entropy()-Z,0.0006716175942310747
fBodyAcc-std()-Z,0.0006711001838932844
tBodyGyro-mean()-X,0.000669236336810166
"tBodyGyroJerk-correlation()-X,Y",0.0006683081470841968
tBodyAccMag-entropy(),0.0006680094264670662
"fBodyGyro-bandsEnergy()-17,32.1",0.0006474332770174416
tBodyAcc-mad()-Z,0.0006469896789616056
fBodyAccJerk-entropy()-Z,0.0006284473231677959
tBodyAcc-energy()-Y,0.0006283148363846599
tBodyAccJerkMag-mad(),0.0006230279416813886
fBodyGyro-energy()-Y,0.0006200080668576471
fBodyGyro-energy()-Z,0.0006195115458853123
tBodyGyroJerk-max()-X,0.0006159488211091242
"fBodyAccJerk-bandsEnergy()-33,48",0.0006033917665348168
tGravityAcc-std()-Z,0.0005992908600206397
tBodyAccJerk-max()-Z,0.0005947552959653771
fBodyAcc-meanFreq()-Y,0.0005911268409162
tBodyGyroJerk-entropy()-X,0.0005861535815093287
fBodyAcc-skewness()-X,0.0005844224298975855
tBodyGyroJerk-mean()-Z,0.0005838169420047973
"fBodyGyro-bandsEnergy()-1,8.2",0.0005775995947423453
tBodyGyroJerk-mean()-X,0.0005769097023510469
"tBodyGyroJerk-correlation()-X,Z",0.0005764891715977305
fBodyGyro-std()-Y,0.0005730136030643101
tGravityAcc-entropy()-Z,0.0005722038722574054
tBodyGyro-std()-Z,0.0005721343490654195
"fBodyGyro-bandsEnergy()-1,24.2",0.0005714008446637594
tBodyAccJerk-energy()-Z,0.000564563478560155
fBodyGyro-meanFreq()-Z,0.0005611303199938652
"fBodyAccJerk-bandsEnergy()-25,32",0.0005575909318880825
tBodyGyroMag-energy(),0.0005567003638844927
fBodyAcc-energy()-Z,0.0005539996867615756
tBodyAccJerk-std()-Y,0.0005537291441373181
"fBodyAcc-bandsEnergy()-17,32.2",0.0005511478998230175
tBodyGyro-max()-Z,0.0005498531668317498
tBodyGyro-energy()-Y,0.0005465852544077436
"fBodyGyro-bandsEnergy()-25,32.2",0.0005462830254485294
tBodyGyro-mean()-Z,0.0005361526091899705
tBodyGyroJerkMag-iqr(),0.0005319636438805733
"fBodyGyro-bandsEnergy()-1,16.1",0.0005314403141696363
tBodyGyro-mad()-Z,0.0005266125756044968
"tBodyGyroJerk-arCoeff()-Y,1",0.0005246593631383486
"fBodyGyro-bandsEnergy()-17,24.2",0.0005223710597039942
"fBodyGyro-bandsEnergy()-25,48.2",0.0005142195685258963
tBodyGyroJerk-mad()-Y,0.0005139034822461039
"tGravityAcc-correlation()-X,Z",0.0004990807073926545
fBodyAccJerk-maxInds-Y,0.0004982903627747727
fBodyAccJerk-std()-Z,0.0004959220061134959
fBodyAcc-maxInds-Y,0.0004941137768281205
fBodyAccJerk-skewness()-Y,0.0004927789037504657
fBodyAccJerk-energy()-Z,0.0004924322999883249
fBodyGyro-skewness()-Y,0.000488445656417661
fBodyAccJerk-mad()-Z,0.0004870539994494915
tBodyAcc-mad()-Y,0.0004820599565061096
"fBodyAcc-bandsEnergy()-25,48.2",0.0004789404376429947
fBodyBodyGyroMag-maxInds,0.0004753411238862149
tBodyAcc-energy()-Z,0.000470563941353106
"fBodyGyro-bandsEnergy()-33,48",0.0004671778918212316
tBodyGyro-min()-Z,0.0004654767171581356
fBodyAcc-kurtosis()-Z,0.000463600327236206
"fBodyAcc-bandsEnergy()-9,16.1",0.00046134722740030223
tBodyGyroJerk-max()-Y,0.00045598769137984425
tBodyAcc-entropy()-Z,0.0004551800030399269
fBodyBodyGyroJerkMag-kurtosis(),0.00045450469241335023
"fBodyGyro-bandsEnergy()-1,24.1",0.0004528219448488792
fBodyBodyGyroJerkMag-mad(),0.0004481614367798335
"fBodyGyro-bandsEnergy()-57,64.2",0.00043804402585841557
fBodyGyro-max()-Y,0.0004340004337243835
fBodyGyro-std()-Z,0.00042903245992913973
tBodyAccJerk-min()-Z,0.00042782521707933395
fBodyBodyGyroJerkMag-entropy(),0.0004248725422911462
tGravityAccMag-mean(),0.000424421219723753
fBodyGyro-meanFreq()-Y,0.0004183114088922825
"angle(tBodyGyroMean,gravityMean)",0.00041822344207002307
tBodyGyroJerk-energy()-Z,0.000414528773516004
tBodyAcc-entropy()-Y,0.0004097501056358588
"fBodyGyro-bandsEnergy()-17,32",0.0004082241688975228
"fBodyAccJerk-bandsEnergy()-17,32.1",0.00040621961086178415
fBodyAccJerk-meanFreq()-Z,0.0004061501788359178
"tBodyGyroJerk-arCoeff()-Z,4",0.0004059219869088628
tBodyAcc-sma(),0.0004050391880504942
"tBodyAcc-arCoeff()-Z,4",0.00040275210767373173
tGravityAccMag-sma(),0.00040221753142032654
tBodyGyro-mean()-Y,0.00040047161436788573
tBodyGyroJerk-std()-Z,0.00040034175859412824
fBodyBodyGyroJerkMag-skewness(),0.00039835205446815057
tBodyGyroJerk-min()-Y,0.0003976957224511361
fBodyAccJerk-iqr()-Z,0.0003970223572093483
tBodyAccJerk-iqr()-Y,0.00039391834170138024
fBodyBodyGyroJerkMag-energy(),0.00039318797512041164
"fBodyGyro-bandsEnergy()-41,48",0.0003925686935060755
tBodyGyroJerkMag-std(),0.00039249345952824775
tGravityAcc-iqr()-Z,0.0003923261327388798
fBodyAcc-std()-Y,0.0003921815455188455
"fBodyAcc-bandsEnergy()-25,32.2",0.00038841168422632216
fBodyGyro-mad()-Y,0.00038650366261212306
"fBodyGyro-bandsEnergy()-41,48.1",0.0003863858490333422
tBodyGyro-entropy()-Y,0.00038043644692092323
fBodyGyro-mean()-Y,0.0003794666478319472
tBodyGyroJerkMag-energy(),0.0003783109424616883
tBodyAccMag-mean(),0.0003749785326986509
fBodyGyro-entropy()-Z,0.000371927137963209
tBodyGyroJerk-sma(),0.00036772645379397394
"fBodyAccJerk-bandsEnergy()-1,24.1",0.0003654146736087259
"fBodyAccJerk-bandsEnergy()-1,8.2",0.000364039047383718
"tBodyGyroJerk-arCoeff()-X,3",0.0003637179264997058
tBodyGyro-entropy()-Z,0.00036042846160550494
fBodyBodyGyroMag-kurtosis(),0.00036000089438128406
"fBodyGyro-bandsEnergy()-49,56.2",0.0003582501015167598
tBodyGyroMag-arCoeff()4,0.00035525523021766114
"fBodyAccJerk-bandsEnergy()-41,48",0.0003502705062546523
"tBodyAccJerk-arCoeff()-Y,4",0.0003494872964636847
tBodyAccJerk-min()-Y,0.0003476862712339692
"tBodyGyroJerk-correlation()-Y,Z",0.0003472533927797776
"fBodyGyro-bandsEnergy()-25,48.1",0.00034724873058686876
fBodyGyro-min()-Z,0.0003462432650111332
"fBodyGyro-bandsEnergy()-25,32",0.00034327473636211914
"fBodyAcc-bandsEnergy()-1,24.1",0.00034297405348576645
"fBodyGyro-bandsEnergy()-49,64",0.00034209974750481516
"tBodyGyro-arCoeff()-Z,1",0.00033618096338570004
tBodyAccJerk-min()-X,0.00033593977198258766
"tBodyGyroJerk-arCoeff()-X,2",0.0003352186253343306
fBodyBodyAccJerkMag-kurtosis(),0.00033473144320121944
tBodyGyroMag-mad(),0.0003304010541441613
tBodyAccJerk-mad()-Z,0.0003289632282738964
tBodyGyroJerk-min()-Z,0.0003230013636392971
fBodyBodyAccJerkMag-skewness(),0.00032200436577347203
fBodyBodyGyroMag-energy(),0.00031956392357801005
tBodyAcc-std()-Z,0.0003188977348553619
"fBodyAcc-bandsEnergy()-25,48",0.000318169123945389
fBodyGyro-iqr()-Z,0.0003171052765051118
tBodyGyroJerkMag-mad(),0.00031701514595459056
"fBodyAccJerk-bandsEnergy()-33,40.2",0.0003166997822815031
"fBodyAccJerk-bandsEnergy()-25,32.2",0.0003124550966287381
tBodyAcc-mean()-Y,0.0003119359871038527
"fBodyAccJerk-bandsEnergy()-25,48.1",0.00031134781800505623
"fBodyGyro-bandsEnergy()-33,48.2",0.00031118151742182967
fBodyAcc-entropy()-Z,0.00030882863258292894
fBodyAcc-max()-Z,0.00030848833883488955
"tBodyAccJerk-arCoeff()-X,1",0.00030747075104234535
tBodyGyro-max()-Y,0.0003067181991456187
"fBodyAccJerk-bandsEnergy()-33,48.2",0.0003061011697566911
fBodyGyro-entropy()-Y,0.0003033777688127163
"fBodyAccJerk-bandsEnergy()-25,48.2",0.00030128663318443257
"fBodyAccJerk-bandsEnergy()-1,8.1",0.00030119111875686087
fBodyBodyGyroMag-mad(),0.00030096747057572267
"fBodyAccJerk-bandsEnergy()-17,24",0.0003003854219227718
fBodyGyro-iqr()-X,0.0002992784672979248
fBodyAccJerk-iqr()-X,0.0002975913317530051
"tBodyGyroJerk-arCoeff()-Y,4",0.00029619654102037133
tBodyAcc-min()-Z,0.0002939228521261442
"tBodyGyro-arCoeff()-Y,2",0.0002923681049684899
"fBodyGyro-bandsEnergy()-41,48.2",0.00029184713250708807
"tBodyAccJerk-arCoeff()-X,4",0.00029166393565354596
fBodyAcc-entropy()-Y,0.00029076489222566135
fBodyAccJerk-skewness()-X,0.0002906334784254266
fBodyAccJerk-iqr()-Y,0.0002906116545265506
"tBodyAccJerk-arCoeff()-X,3",0.0002873984340457748
fBodyAcc-energy()-Y,0.0002859713618413335
"tBodyAcc-arCoeff()-Y,4",0.00028545919540971245
fBodyBodyAccJerkMag-meanFreq(),0.00028458588858353733
"fBodyGyro-bandsEnergy()-9,16.1",0.0002821045677771326
fBodyAcc-mad()-Y,0.0002802720131430314
fBodyBodyGyroMag-entropy(),0.0002773569618395639
"tBodyGyroJerk-arCoeff()-Y,3",0.00027588252407960813
tBodyAcc-std()-Y,0.0002757472407984933
fBodyAccMag-kurtosis(),0.0002732401258047088
fBodyBodyGyroMag-mean(),0.00027145989777035967
fBodyAcc-mean()-Y,0.0002706867878237038
tBodyAccJerkMag-arCoeff()3,0.0002705351664318751
"tBodyAccJerk-correlation()-Y,Z",0.00026994165705259934
"fBodyAcc-bandsEnergy()-1,16.1",0.00026930376452738853
tBodyAccJerkMag-max(),0.0002692611220916476
"fBodyGyro-bandsEnergy()-9,16.2",0.0002662152809484845
tBodyAcc-min()-X,0.00026619847436471227
"tBodyAcc-arCoeff()-X,4",0.0002656701912018866
"tBodyGyro-arCoeff()-Z,4",0.00026520127355385574
fBodyAccJerk-mean()-Z,0.00026423451848777964
"fBodyAccJerk-bandsEnergy()-9,16.2",0.0002632243667021143
fBodyGyro-kurtosis()-X,0.0002604664011739097
"fBodyAcc-bandsEnergy()-41,48",0.00025926050867488616
tBodyGyroJerkMag-mean(),0.00025850103364807744
"fBodyAcc-bandsEnergy()-1,16.2",0.0002581150536335383
tBodyAcc-max()-Y,0.00025758849478863547
fBodyAccJerk-kurtosis()-Y,0.0002568861174970219
"fBodyGyro-bandsEnergy()-25,32.1",0.000256807936967629
fBodyGyro-iqr()-Y,0.000255652947818984
tBodyGyroMag-min(),0.00025546099181294075
fBodyBodyGyroJerkMag-iqr(),0.000254808274323339
tBodyAcc-mean()-Z,0.0002547414504590477
tBodyGyroJerk-std()-Y,0.00025445164392783883
tGravityAccMag-arCoeff()3,0.0002540170063393782
"tBodyAcc-arCoeff()-X,2",0.0002518679176253697
tBodyGyroJerk-max()-Z,0.0002517524402815212
"fBodyGyro-bandsEnergy()-49,56",0.0002514329667273442
fBodyAcc-skewness()-Z,0.0002503057799713032
tBodyGyroJerk-entropy()-Y,0.000247944686999608
tGravityAccMag-iqr(),0.0002462688677145386
tBodyGyroMag-arCoeff()2,0.00024588020767329845
"fBodyGyro-bandsEnergy()-57,64",0.0002443039249466663
fBodyAcc-iqr()-Z,0.00024382521681083304
"fBodyAcc-bandsEnergy()-9,16.2",0.00024361479395882936
tBodyGyroMag-max(),0.00024199721034063617
tBodyGyroJerkMag-entropy(),0.00024150509853456903
fBodyBodyGyroMag-min(),0.00024089947137778241
"tBodyAcc-arCoeff()-Y,1",0.0002408300458529912
fBodyBodyAccJerkMag-mean(),0.0002369408853697762
tBodyAccJerkMag-arCoeff()2,0.00023645298213588486
tBodyAccJerkMag-arCoeff()1,0.0002347713696643836
"fBodyAccJerk-bandsEnergy()-17,32",0.00023465025536864746
"fBodyAcc-bandsEnergy()-17,32",0.00023156087691556792
fBodyAcc-mad()-Z,0.00023127871391894408
"tBodyAccJerk-arCoeff()-Y,3",0.0002302711816297092
"fBodyAcc-bandsEnergy()-33,40.2",0.0002293273269507774
"tBodyAcc-arCoeff()-X,3",0.00022790682204568732
"fBodyAccJerk-bandsEnergy()-1,24.2",0.00022758491154613772
"fBodyGyro-bandsEnergy()-49,64.2",0.00022754327162851344
tBodyGyroMag-arCoeff()1,0.00022735734515860246
"tBodyAcc-arCoeff()-Z,1",0.00022546867667625067
fBodyAccJerk-skewness()-Z,0.0002237745360617499
tBodyGyroJerk-mean()-Y,0.00022302568517623575
fBodyBodyGyroMag-sma(),0.0002220042668675052
"fBodyAccJerk-bandsEnergy()-41,48.1",0.00022138639400748127
fBodyAccMag-skewness(),0.00022132352039231666
"fBodyAcc-bandsEnergy()-17,32.1",0.0002209428683095983
fBodyAccJerk-meanFreq()-X,0.00021876835670300472
tBodyAccMag-arCoeff()3,0.0002179126266433168
"fBodyAccJerk-bandsEnergy()-49,56.2",0.00021790775318183755
"fBodyAccJerk-bandsEnergy()-1,16.1",0.00021769000682613196
tBodyGyro-min()-Y,0.0002166283961532405
tBodyGyroMag-sma(),0.00021587277662743384
"fBodyGyro-bandsEnergy()-17,24",0.0002148066907182898
tBodyGyroJerkMag-arCoeff()1,0.00021469158636941234
"fBodyGyro-bandsEnergy()-33,40",0.00021418147437938414
"tBodyGyro-arCoeff()-Z,3",0.00021361754311154487
"fBodyGyro-bandsEnergy()-49,64.1",0.00021339525019232363
"tBodyGyroJerk-arCoeff()-Z,3",0.0002114747209026701
fBodyBodyAccJerkMag-energy(),0.00021125472867164887
"fBodyAcc-bandsEnergy()-25,32.1",0.0002098116839274185
tBodyGyroMag-entropy(),0.00020676319747127232
"tBodyAccJerk-arCoeff()-Z,1",0.00020620579372977458
tBodyAcc-min()-Y,0.0002061350805803061
"fBodyGyro-bandsEnergy()-25,48",0.00020610855207002998
tBodyGyroJerkMag-arCoeff()2,0.00020479908191200165
tBodyGyro-std()-Y,0.00020406520159634435
"tBodyAccJerk-arCoeff()-Z,2",0.00020349120122094126
"tBodyGyroJerk-arCoeff()-X,4",0.00020260654534732264
"tBodyGyroJerk-arCoeff()-Z,2",0.0002025305640083512
"fBodyGyro-bandsEnergy()-17,24.1",0.0002017452890131254
tBodyGyro-sma(),0.00020140225105523665
fBodyAcc-min()-Y,0.0001995261898977036
tBodyGyroJerkMag-arCoeff()4,0.0001993786543513602
fBodyAccJerk-max()-Z,0.00019823480749620704
tBodyAccMag-min(),0.00019682697424211368
tBodyGyroJerk-iqr()-Y,0.00019586838411321292
fBodyAccJerk-meanFreq()-Y,0.00019518813205235817
"fBodyGyro-bandsEnergy()-33,40.2",0.00019482158407633726
"tBodyGyro-arCoeff()-X,4",0.00019457499785139807
"fBodyAcc-bandsEnergy()-49,56.2",0.00019432448793063308
tBodyGyroJerk-energy()-Y,0.00019236513329454498
"fBodyAcc-bandsEnergy()-17,24",0.00019119986544888522
"tBodyGyro-arCoeff()-Y,3",0.0001904862473720175
fBodyBodyGyroJerkMag-min(),0.00018843346238339622
"fBodyGyro-bandsEnergy()-49,56.1",0.00018801763747946815
"fBodyAcc-bandsEnergy()-33,48.2",0.00018762959149509723
"fBodyAccJerk-bandsEnergy()-25,32.1",0.00018746337634540906
"fBodyAcc-bandsEnergy()-33,40.1",0.00018715662043287777
"fBodyAcc-bandsEnergy()-1,24.2",0.00018692668616032912
"fBodyAccJerk-bandsEnergy()-41,48.2",0.00018671060808030562
"fBodyAccJerk-bandsEnergy()-49,64.2",0.00018388257325010817
"tBodyAccJerk-arCoeff()-Z,3",0.00018344696943005368
tBodyAcc-mean()-X,0.00018343039103761434
"fBodyAcc-bandsEnergy()-33,40",0.00018186823161065092
"tBodyGyroJerk-arCoeff()-Y,2",0.00018185271440595053
"fBodyAcc-bandsEnergy()-49,64.1",0.00018125186185594537
tBodyGyroMag-arCoeff()3,0.00018108010376403975
tBodyGyroMag-mean(),0.00018019229830971452
"tBodyAccJerk-arCoeff()-Z,4",0.0001796984147426618
fBodyBodyAccJerkMag-min(),0.000178982455900371
"fBodyAccJerk-bandsEnergy()-49,64.1",0.00017803695938427758
tBodyGyroMag-iqr(),0.00017753486021123452
"fBodyAccJerk-bandsEnergy()-57,64.1",0.00017723341239365902
fBodyBodyGyroMag-max(),0.00017673166076846863
"tBodyGyro-arCoeff()-Y,4",0.0001749257397706918
"fBodyAccJerk-bandsEnergy()-9,16.1",0.00017484465828475994
tGravityAccMag-min(),0.00017477327183226885
tBodyAccJerk-max()-Y,0.0001737554228021388
tGravityAccMag-arCoeff()4,0.00017285397685629105
"tBodyAcc-arCoeff()-Y,2",0.00017247396677678574
fBodyBodyGyroJerkMag-meanFreq(),0.0001722772257779377
"fBodyAcc-bandsEnergy()-25,32",0.00017096511567505176
tBodyAccJerkMag-arCoeff()4,0.00016961796988851127
"angle(tBodyAccMean,gravity)",0.00016814092552942372
fBodyAccMag-min(),0.00016603672540447495
"fBodyAcc-bandsEnergy()-49,64.2",0.00016462374114370126
fBodyBodyGyroMag-skewness(),0.00016358229187381186
tBodyAccMag-arCoeff()4,0.00016320173066356332
fBodyAccMag-maxInds,0.00016087691781915158
fBodyBodyAccJerkMag-maxInds,0.0001595234057551264
fBodyAcc-mean()-Z,0.0001593124311972034
fBodyBodyAccJerkMag-sma(),0.0001590511878634056
"fBodyGyro-bandsEnergy()-33,40.1",0.0001586312235625249
"fBodyAcc-bandsEnergy()-49,64",0.00015852204551827293
"fBodyAcc-bandsEnergy()-25,48.1",0.00015670956283350492
"fBodyAccJerk-bandsEnergy()-33,40.1",0.00015659088849322107
fBodyBodyGyroJerkMag-mean(),0.0001548590921786323
"tBodyAcc-arCoeff()-Z,3",0.0001535521399100887
fBodyAccJerk-kurtosis()-X,0.0001533801796892496
"fBodyAccJerk-bandsEnergy()-57,64.2",0.00015172527774524872
fBodyGyro-min()-Y,0.00015128758450054085
fBodyAcc-iqr()-X,0.0001505592863375738
"tBodyGyro-arCoeff()-Z,2",0.00014996004219833316
tBodyGyroMag-std(),0.0001496232541970031
"fBodyAcc-bandsEnergy()-41,48.2",0.00014886643484885356
tBodyAccJerk-mean()-Y,0.00014805097777913554
fBodyBodyGyroJerkMag-sma(),0.00014782637517741552
"fBodyAccJerk-bandsEnergy()-49,56.1",0.0001472028034062511
"fBodyAcc-bandsEnergy()-57,64.1",0.0001471585217080864
"fBodyGyro-bandsEnergy()-57,64.1",0.00014493857363795842
"fBodyAccJerk-bandsEnergy()-49,64",0.00014388120311892739
"fBodyAccJerk-bandsEnergy()-33,40",0.00014091909860596485
"tBodyGyro-arCoeff()-X,3",0.00013982315065959653
fBodyAccJerk-min()-X,0.00013875295902915393
fBodyBodyGyroJerkMag-maxInds,0.00013806903400890737
"fBodyAcc-bandsEnergy()-49,56.1",0.00013759859498218692
"fBodyAccJerk-bandsEnergy()-57,64",0.000134106367473543
fBodyAccJerk-kurtosis()-Z,0.00013291788737142114
"fBodyAcc-bandsEnergy()-17,24.1",0.0001317882427493195
fBodyBodyGyroJerkMag-std(),0.0001312659542382738
fBodyAcc-maxInds-Z,0.00013110868311131928
tBodyAccJerk-mean()-Z,0.00012929299822500532
fBodyGyro-min()-X,0.00012879063607787277
"fBodyAcc-bandsEnergy()-41,48.1",0.00012784164426373913
tBodyGyroJerkMag-arCoeff()3,0.0001260331964716475
"fBodyAccJerk-bandsEnergy()-33,48.1",0.000126009947525625
tBodyGyroJerkMag-min(),0.00012276460548732324
"angle(tBodyAccJerkMean),gravityMean)",0.00012261950689942716
"fBodyAcc-bandsEnergy()-57,64.2",0.00012118215183484218
"tBodyAcc-arCoeff()-Y,3",0.0001201913337633951
"fBodyGyro-bandsEnergy()-33,48.1",0.00011734748821009076
"fBodyAcc-bandsEnergy()-33,48.1",0.00011605142609519726
"tBodyGyroJerk-arCoeff()-Z,1",0.00011575547397852588
"tBodyAccJerk-arCoeff()-Y,1",0.00011269913033742259
fBodyBodyGyroMag-std(),0.00011174798056042969
fBodyAcc-min()-X,0.00011052662246306467
"fBodyAcc-bandsEnergy()-49,56",0.00010879322032081469
fBodyBodyGyroMag-iqr(),0.0001082663216444066
"fBodyAcc-bandsEnergy()-57,64",0.00010714881912087295
fBodyAcc-iqr()-Y,0.00010665211057562638
"fBodyAccJerk-bandsEnergy()-49,56",0.00010495465627266666
"tBodyAcc-arCoeff()-Z,2",0.00010488872539253445
"tBodyAccJerk-arCoeff()-X,2",0.00010438636840662334
tBodyGyroJerkMag-max(),0.00010183639503926636
fBodyAcc-min()-Z,0.00010052694376360435
tBodyAcc-iqr()-Z,9.486913151456919e-05
fBodyAccJerk-min()-Y,9.384087324587116e-05
fBodyAccJerk-min()-Z,9.137085182872206e-05
tBodyAccJerk-mean()-X,9.020501781234303e-05
"tBodyGyro-arCoeff()-X,2",8.762812353994825e-05
tBodyAcc-max()-Z,8.556609908522505e-05
tBodyAccJerkMag-min(),8.519707383576815e-05
fBodyBodyAccJerkMag-iqr(),4.85423836998998e-05
"tBodyAccJerk-arCoeff()-Y,2",4.816391613356092e-05
